-- phpMyAdmin SQL Dump
-- version 4.8.2
-- https://www.phpmyadmin.net/
--
-- Host: 127.0.0.1
-- Generation Time: Oct 13, 2018 at 04:03 PM
-- Server version: 10.1.34-MariaDB
-- PHP Version: 7.2.8

SET SQL_MODE = "NO_AUTO_VALUE_ON_ZERO";
SET AUTOCOMMIT = 0;
START TRANSACTION;
SET time_zone = "+00:00";


/*!40101 SET @OLD_CHARACTER_SET_CLIENT=@@CHARACTER_SET_CLIENT */;
/*!40101 SET @OLD_CHARACTER_SET_RESULTS=@@CHARACTER_SET_RESULTS */;
/*!40101 SET @OLD_COLLATION_CONNECTION=@@COLLATION_CONNECTION */;
/*!40101 SET NAMES utf8mb4 */;

--
-- Database: `user_data`
--

-- --------------------------------------------------------

--
-- Table structure for table `current_movies`
--

CREATE TABLE `current_movies` (
  `MOVIE_ID` text NOT NULL,
  `MOVIE_NAME` text NOT NULL
) ENGINE=InnoDB DEFAULT CHARSET=latin1;

--
-- Dumping data for table `current_movies`
--

INSERT INTO `current_movies` (`MOVIE_ID`, `MOVIE_NAME`) VALUES
('001', 'CRAZY RICH ASIANS'),
('002', 'THE FIRST PURGE'),
('003', 'DOWN A DARK HALL');

-- --------------------------------------------------------

--
-- Table structure for table `loc_address`
--

CREATE TABLE `loc_address` (
  `MOVIE_ID` text NOT NULL,
  `MOVIE_NAME` text NOT NULL,
  `CINEMA_ID` text NOT NULL,
  `CINEMA` text NOT NULL,
  `DATE` text NOT NULL,
  `TIME` text NOT NULL,
  `TIME_NAME` text NOT NULL,
  `UNIQUE_ID` text NOT NULL
) ENGINE=InnoDB DEFAULT CHARSET=latin1;

--
-- Dumping data for table `loc_address`
--

INSERT INTO `loc_address` (`MOVIE_ID`, `MOVIE_NAME`, `CINEMA_ID`, `CINEMA`, `DATE`, `TIME`, `TIME_NAME`, `UNIQUE_ID`) VALUES
('001', 'CRAZY RICH ASIANS', '001', 'JURONG', '001', '001', '', '001001001001'),
('001', 'CRAZY RICH ASIANS', '001', 'JURONG', '001', '002', '', '001001001002'),
('001', 'CRAZY RICH ASIANS', '001', 'JURONG', '001', '003', '', '001001001003'),
('001', 'CRAZY RICH ASIANS', '001', 'JURONG', '001', '004', '', '001001001004'),
('001', 'CRAZY RICH ASIANS', '001', 'JURONG', '002', '001', '', '001001002001'),
('001', 'CRAZY RICH ASIANS', '001', 'JURONG', '002', '002', '', '001001002002'),
('001', 'CRAZY RICH ASIANS', '001', 'JURONG', '002', '003', '', '001001002003'),
('001', 'CRAZY RICH ASIANS', '001', 'JURONG', '002', '004', '', '001001002004'),
('001', 'CRAZY RICH ASIANS', '002', 'YISHUN', '001', '001', '', '001002001001'),
('001', 'CRAZY RICH ASIANS', '002', 'YISHUN', '001', '002', '', '001002001002'),
('001', 'CRAZY RICH ASIANS', '002', 'YISHUN', '001', '003', '', '001002001003'),
('001', 'CRAZY RICH ASIANS', '002', 'YISHUN', '001', '004', '', '001002001004'),
('001', 'CRAZY RICH ASIANS', '002', 'YISHUN', '002', '001', '', '001002002001'),
('001', 'CRAZY RICH ASIANS', '002', 'YISHUN', '002', '002', '', '001002002002'),
('001', 'CRAZY RICH ASIANS', '002', 'YISHUN', '002', '003', '', '001002002003'),
('001', 'CRAZY RICH ASIANS', '002', 'YISHUN', '002', '004', '', '001002002004'),
('002', 'THE FIRST PURGE', '001', 'JURONG', '001', '001', '', '002001001001'),
('002', 'THE FIRST PURGE', '001', 'JURONG', '001', '002', '', '002001001002'),
('002', 'THE FIRST PURGE', '001', 'JURONG', '001', '003', '', '002001001003'),
('002', 'THE FIRST PURGE', '001', 'JURONG', '001', '004', '', '002001001004'),
('002', 'THE FIRST PURGE', '001', 'JURONG', '002', '001', '', '002001002001'),
('002', 'THE FIRST PURGE', '001', 'JURONG', '002', '002', '', '002001002002'),
('002', 'THE FIRST PURGE', '001', 'JURONG', '002', '003', '', '002001002003'),
('002', 'THE FIRST PURGE', '001', 'JURONG', '002', '004', '', '002001002004'),
('002', 'THE FIRST PURGE', '002', 'YISHUN', '001', '001', '', '002002001001'),
('002', 'THE FIRST PURGE', '002', 'YISHUN', '001', '002', '', '002002001002'),
('002', 'THE FIRST PURGE', '002', 'YISHUN', '001', '003', '', '002002001003'),
('002', 'THE FIRST PURGE', '002', 'YISHUN', '001', '004', '', '002002001004'),
('002', 'THE FIRST PURGE', '002', 'YISHUN', '002', '001', '', '002002002001'),
('002', 'THE FIRST PURGE', '002', 'YISHUN', '002', '002', '', '002002002002'),
('002', 'THE FIRST PURGE', '002', 'YISHUN', '002', '003', '', '002002002003'),
('002', 'THE FIRST PURGE', '002', 'YISHUN', '002', '004', '', '002002002004');

-- --------------------------------------------------------

--
-- Table structure for table `purchase_history`
--

CREATE TABLE `purchase_history` (
  `userid` text NOT NULL,
  `purchasedate` text NOT NULL,
  `moviedate` text NOT NULL,
  `quantity` text NOT NULL,
  `purchasevalue` text NOT NULL
) ENGINE=InnoDB DEFAULT CHARSET=latin1;

-- --------------------------------------------------------

--
-- Table structure for table `unique_seats`
--

CREATE TABLE `unique_seats` (
  `UNIQUE_ID` text NOT NULL,
  `SEAT_NO` text NOT NULL,
  `STATUS` text NOT NULL
) ENGINE=InnoDB DEFAULT CHARSET=latin1;

--
-- Dumping data for table `unique_seats`
--

INSERT INTO `unique_seats` (`UNIQUE_ID`, `SEAT_NO`, `STATUS`) VALUES
('1001001001', '0', '0'),
('1001001001', '1', '0'),
('1001001001', '2', '0'),
('1001001001', '3', '0'),
('1001001001', '4', '0'),
('1001001001', '5', '0'),
('1001001001', '6', '0'),
('1001001001', '7', '0'),
('1001001001', '8', '0'),
('1001001001', '9', '0'),
('1001001001', '10', '1'),
('1001001001', '11', '1'),
('1001001001', '12', '1'),
('1001001001', '13', '1'),
('1001001001', '14', '1'),
('1001001001', '15', '1'),
('1001001001', '16', '1'),
('1001001001', '17', '1'),
('1001001001', '18', '1'),
('1001001001', '19', '1'),
('1001001001', '20', '0'),
('1001001001', '21', '1'),
('1001001001', '22', '1'),
('1001001001', '23', '1'),
('1001001001', '24', '0'),
('1001001001', '25', '1'),
('1001001001', '26', '1'),
('1001001001', '27', '1'),
('1001001001', '28', '1'),
('1001001001', '29', '1'),
('1001001002', '0', '1'),
('1001001002', '1', '1'),
('1001001002', '2', '1'),
('1001001002', '3', '1'),
('1001001002', '4', '1'),
('1001001002', '5', '1'),
('1001001002', '6', '1'),
('1001001002', '7', '1'),
('1001001002', '8', '1'),
('1001001002', '9', '1'),
('1001001002', '10', '1'),
('1001001002', '11', '1'),
('1001001002', '12', '1'),
('1001001002', '13', '1'),
('1001001002', '14', '1'),
('1001001002', '15', '1'),
('1001001002', '16', '1'),
('1001001002', '17', '1'),
('1001001002', '18', '1'),
('1001001002', '19', '1'),
('1001001002', '20', '1'),
('1001001002', '21', '1'),
('1001001002', '22', '1'),
('1001001002', '23', '1'),
('1001001002', '24', '1'),
('1001001002', '25', '1'),
('1001001002', '26', '1'),
('1001001002', '27', '1'),
('1001001002', '28', '1'),
('1001001002', '29', '1'),
('1001001003', '0', '1'),
('1001001003', '1', '1'),
('1001001003', '2', '1'),
('1001001003', '3', '1'),
('1001001003', '4', '1'),
('1001001003', '5', '1'),
('1001001003', '6', '1'),
('1001001003', '7', '1'),
('1001001003', '8', '1'),
('1001001003', '9', '1'),
('1001001003', '10', '1'),
('1001001003', '11', '1'),
('1001001003', '12', '1'),
('1001001003', '13', '1'),
('1001001003', '14', '1'),
('1001001003', '15', '1'),
('1001001003', '16', '1'),
('1001001003', '17', '1'),
('1001001003', '18', '1'),
('1001001003', '19', '1'),
('1001001003', '20', '1'),
('1001001003', '21', '1'),
('1001001003', '22', '1'),
('1001001003', '23', '1'),
('1001001003', '24', '1'),
('1001001003', '25', '1'),
('1001001003', '26', '1'),
('1001001003', '27', '1'),
('1001001003', '28', '1'),
('1001001003', '29', '1'),
('1001001004', '0', '1'),
('1001001004', '1', '1'),
('1001001004', '2', '1'),
('1001001004', '3', '1'),
('1001001004', '4', '1'),
('1001001004', '5', '1'),
('1001001004', '6', '1'),
('1001001004', '7', '1'),
('1001001004', '8', '1'),
('1001001004', '9', '1'),
('1001001004', '10', '1'),
('1001001004', '11', '1'),
('1001001004', '12', '1'),
('1001001004', '13', '1'),
('1001001004', '14', '1'),
('1001001004', '15', '1'),
('1001001004', '16', '1'),
('1001001004', '17', '1'),
('1001001004', '18', '1'),
('1001001004', '19', '1'),
('1001001004', '20', '1'),
('1001001004', '21', '1'),
('1001001004', '22', '1'),
('1001001004', '23', '1'),
('1001001004', '24', '1'),
('1001001004', '25', '1'),
('1001001004', '26', '1'),
('1001001004', '27', '1'),
('1001001004', '28', '1'),
('1001001004', '29', '1'),
('1001002001', '0', '1'),
('1001002001', '1', '1'),
('1001002001', '2', '1'),
('1001002001', '3', '1'),
('1001002001', '4', '1'),
('1001002001', '5', '1'),
('1001002001', '6', '1'),
('1001002001', '7', '1'),
('1001002001', '8', '1'),
('1001002001', '9', '1'),
('1001002001', '10', '1'),
('1001002001', '11', '1'),
('1001002001', '12', '1'),
('1001002001', '13', '1'),
('1001002001', '14', '1'),
('1001002001', '15', '1'),
('1001002001', '16', '1'),
('1001002001', '17', '1'),
('1001002001', '18', '1'),
('1001002001', '19', '1'),
('1001002001', '20', '1'),
('1001002001', '21', '1'),
('1001002001', '22', '1'),
('1001002001', '23', '1'),
('1001002001', '24', '1'),
('1001002001', '25', '1'),
('1001002001', '26', '1'),
('1001002001', '27', '1'),
('1001002001', '28', '1'),
('1001002001', '29', '1'),
('1001002002', '0', '1'),
('1001002002', '1', '1'),
('1001002002', '2', '1'),
('1001002002', '3', '1'),
('1001002002', '4', '1'),
('1001002002', '5', '1'),
('1001002002', '6', '1'),
('1001002002', '7', '1'),
('1001002002', '8', '1'),
('1001002002', '9', '1'),
('1001002002', '10', '1'),
('1001002002', '11', '1'),
('1001002002', '12', '1'),
('1001002002', '13', '1'),
('1001002002', '14', '1'),
('1001002002', '15', '1'),
('1001002002', '16', '1'),
('1001002002', '17', '1'),
('1001002002', '18', '1'),
('1001002002', '19', '1'),
('1001002002', '20', '1'),
('1001002002', '21', '1'),
('1001002002', '22', '1'),
('1001002002', '23', '1'),
('1001002002', '24', '1'),
('1001002002', '25', '1'),
('1001002002', '26', '1'),
('1001002002', '27', '1'),
('1001002002', '28', '1'),
('1001002002', '29', '1'),
('1001002003', '0', '1'),
('1001002003', '1', '1'),
('1001002003', '2', '1'),
('1001002003', '3', '1'),
('1001002003', '4', '1'),
('1001002003', '5', '1'),
('1001002003', '6', '1'),
('1001002003', '7', '1'),
('1001002003', '8', '1'),
('1001002003', '9', '1'),
('1001002003', '10', '1'),
('1001002003', '11', '1'),
('1001002003', '12', '1'),
('1001002003', '13', '1'),
('1001002003', '14', '1'),
('1001002003', '15', '1'),
('1001002003', '16', '1'),
('1001002003', '17', '1'),
('1001002003', '18', '1'),
('1001002003', '19', '1'),
('1001002003', '20', '1'),
('1001002003', '21', '1'),
('1001002003', '22', '1'),
('1001002003', '23', '1'),
('1001002003', '24', '1'),
('1001002003', '25', '1'),
('1001002003', '26', '1'),
('1001002003', '27', '1'),
('1001002003', '28', '1'),
('1001002003', '29', '1'),
('1001002004', '0', '1'),
('1001002004', '1', '1'),
('1001002004', '2', '1'),
('1001002004', '3', '1'),
('1001002004', '4', '1'),
('1001002004', '5', '1'),
('1001002004', '6', '1'),
('1001002004', '7', '1'),
('1001002004', '8', '1'),
('1001002004', '9', '1'),
('1001002004', '10', '1'),
('1001002004', '11', '1'),
('1001002004', '12', '1'),
('1001002004', '13', '1'),
('1001002004', '14', '1'),
('1001002004', '15', '1'),
('1001002004', '16', '1'),
('1001002004', '17', '1'),
('1001002004', '18', '1'),
('1001002004', '19', '1'),
('1001002004', '20', '1'),
('1001002004', '21', '1'),
('1001002004', '22', '1'),
('1001002004', '23', '1'),
('1001002004', '24', '1'),
('1001002004', '25', '1'),
('1001002004', '26', '1'),
('1001002004', '27', '1'),
('1001002004', '28', '1'),
('1001002004', '29', '1'),
('1002001001', '0', '1'),
('1002001001', '1', '1'),
('1002001001', '2', '1'),
('1002001001', '3', '1'),
('1002001001', '4', '1'),
('1002001001', '5', '1'),
('1002001001', '6', '1'),
('1002001001', '7', '1'),
('1002001001', '8', '1'),
('1002001001', '9', '1'),
('1002001001', '10', '1'),
('1002001001', '11', '1'),
('1002001001', '12', '1'),
('1002001001', '13', '1'),
('1002001001', '14', '1'),
('1002001001', '15', '1'),
('1002001001', '16', '1'),
('1002001001', '17', '1'),
('1002001001', '18', '1'),
('1002001001', '19', '1'),
('1002001001', '20', '1'),
('1002001001', '21', '1'),
('1002001001', '22', '1'),
('1002001001', '23', '1'),
('1002001001', '24', '1'),
('1002001001', '25', '1'),
('1002001001', '26', '1'),
('1002001001', '27', '1'),
('1002001001', '28', '1'),
('1002001001', '29', '1'),
('1002001002', '0', '1'),
('1002001002', '1', '1'),
('1002001002', '2', '1'),
('1002001002', '3', '1'),
('1002001002', '4', '1'),
('1002001002', '5', '1'),
('1002001002', '6', '1'),
('1002001002', '7', '1'),
('1002001002', '8', '1'),
('1002001002', '9', '1'),
('1002001002', '10', '1'),
('1002001002', '11', '1'),
('1002001002', '12', '1'),
('1002001002', '13', '1'),
('1002001002', '14', '1'),
('1002001002', '15', '1'),
('1002001002', '16', '1'),
('1002001002', '17', '1'),
('1002001002', '18', '1'),
('1002001002', '19', '1'),
('1002001002', '20', '1'),
('1002001002', '21', '1'),
('1002001002', '22', '1'),
('1002001002', '23', '1'),
('1002001002', '24', '1'),
('1002001002', '25', '1'),
('1002001002', '26', '1'),
('1002001002', '27', '1'),
('1002001002', '28', '1'),
('1002001002', '29', '1'),
('1002001003', '0', '1'),
('1002001003', '1', '1'),
('1002001003', '2', '1'),
('1002001003', '3', '1'),
('1002001003', '4', '1'),
('1002001003', '5', '1'),
('1002001003', '6', '1'),
('1002001003', '7', '1'),
('1002001003', '8', '1'),
('1002001003', '9', '1'),
('1002001003', '10', '1'),
('1002001003', '11', '1'),
('1002001003', '12', '1'),
('1002001003', '13', '1'),
('1002001003', '14', '1'),
('1002001003', '15', '1'),
('1002001003', '16', '1'),
('1002001003', '17', '1'),
('1002001003', '18', '1'),
('1002001003', '19', '1'),
('1002001003', '20', '1'),
('1002001003', '21', '1'),
('1002001003', '22', '1'),
('1002001003', '23', '1'),
('1002001003', '24', '1'),
('1002001003', '25', '1'),
('1002001003', '26', '1'),
('1002001003', '27', '1'),
('1002001003', '28', '1'),
('1002001003', '29', '1'),
('1002001004', '0', '1'),
('1002001004', '1', '1'),
('1002001004', '2', '1'),
('1002001004', '3', '1'),
('1002001004', '4', '1'),
('1002001004', '5', '1'),
('1002001004', '6', '1'),
('1002001004', '7', '1'),
('1002001004', '8', '1'),
('1002001004', '9', '1'),
('1002001004', '10', '1'),
('1002001004', '11', '1'),
('1002001004', '12', '1'),
('1002001004', '13', '1'),
('1002001004', '14', '1'),
('1002001004', '15', '1'),
('1002001004', '16', '1'),
('1002001004', '17', '1'),
('1002001004', '18', '1'),
('1002001004', '19', '1'),
('1002001004', '20', '1'),
('1002001004', '21', '1'),
('1002001004', '22', '1'),
('1002001004', '23', '1'),
('1002001004', '24', '1'),
('1002001004', '25', '1'),
('1002001004', '26', '1'),
('1002001004', '27', '1'),
('1002001004', '28', '1'),
('1002001004', '29', '1'),
('1002002001', '0', '1'),
('1002002001', '1', '1'),
('1002002001', '2', '1'),
('1002002001', '3', '1'),
('1002002001', '4', '1'),
('1002002001', '5', '1'),
('1002002001', '6', '1'),
('1002002001', '7', '1'),
('1002002001', '8', '1'),
('1002002001', '9', '1'),
('1002002001', '10', '1'),
('1002002001', '11', '1'),
('1002002001', '12', '1'),
('1002002001', '13', '1'),
('1002002001', '14', '1'),
('1002002001', '15', '1'),
('1002002001', '16', '1'),
('1002002001', '17', '1'),
('1002002001', '18', '1'),
('1002002001', '19', '1'),
('1002002001', '20', '1'),
('1002002001', '21', '1'),
('1002002001', '22', '1'),
('1002002001', '23', '1'),
('1002002001', '24', '1'),
('1002002001', '25', '1'),
('1002002001', '26', '1'),
('1002002001', '27', '1'),
('1002002001', '28', '1'),
('1002002001', '29', '1'),
('1002002002', '0', '1'),
('1002002002', '1', '1'),
('1002002002', '2', '1'),
('1002002002', '3', '1'),
('1002002002', '4', '1'),
('1002002002', '5', '1'),
('1002002002', '6', '1'),
('1002002002', '7', '1'),
('1002002002', '8', '1'),
('1002002002', '9', '1'),
('1002002002', '10', '1'),
('1002002002', '11', '1'),
('1002002002', '12', '1'),
('1002002002', '13', '1'),
('1002002002', '14', '1'),
('1002002002', '15', '1'),
('1002002002', '16', '1'),
('1002002002', '17', '1'),
('1002002002', '18', '1'),
('1002002002', '19', '1'),
('1002002002', '20', '1'),
('1002002002', '21', '1'),
('1002002002', '22', '1'),
('1002002002', '23', '1'),
('1002002002', '24', '1'),
('1002002002', '25', '1'),
('1002002002', '26', '1'),
('1002002002', '27', '1'),
('1002002002', '28', '1'),
('1002002002', '29', '1'),
('1002002003', '0', '1'),
('1002002003', '1', '1'),
('1002002003', '2', '1'),
('1002002003', '3', '1'),
('1002002003', '4', '1'),
('1002002003', '5', '1'),
('1002002003', '6', '1'),
('1002002003', '7', '1'),
('1002002003', '8', '1'),
('1002002003', '9', '1'),
('1002002003', '10', '1'),
('1002002003', '11', '1'),
('1002002003', '12', '1'),
('1002002003', '13', '1'),
('1002002003', '14', '1'),
('1002002003', '15', '1'),
('1002002003', '16', '1'),
('1002002003', '17', '1'),
('1002002003', '18', '1'),
('1002002003', '19', '1'),
('1002002003', '20', '1'),
('1002002003', '21', '1'),
('1002002003', '22', '1'),
('1002002003', '23', '1'),
('1002002003', '24', '1'),
('1002002003', '25', '1'),
('1002002003', '26', '1'),
('1002002003', '27', '1'),
('1002002003', '28', '1'),
('1002002003', '29', '1'),
('1002002004', '0', '1'),
('1002002004', '1', '1'),
('1002002004', '2', '1'),
('1002002004', '3', '1'),
('1002002004', '4', '1'),
('1002002004', '5', '1'),
('1002002004', '6', '1'),
('1002002004', '7', '1'),
('1002002004', '8', '1'),
('1002002004', '9', '1'),
('1002002004', '10', '1'),
('1002002004', '11', '1'),
('1002002004', '12', '1'),
('1002002004', '13', '1'),
('1002002004', '14', '1'),
('1002002004', '15', '1'),
('1002002004', '16', '1'),
('1002002004', '17', '1'),
('1002002004', '18', '1'),
('1002002004', '19', '1'),
('1002002004', '20', '1'),
('1002002004', '21', '1'),
('1002002004', '22', '1'),
('1002002004', '23', '1'),
('1002002004', '24', '1'),
('1002002004', '25', '1'),
('1002002004', '26', '1'),
('1002002004', '27', '1'),
('1002002004', '28', '1'),
('1002002004', '29', '1'),
('2001001001', '0', '1'),
('2001001001', '1', '1'),
('2001001001', '2', '1'),
('2001001001', '3', '1'),
('2001001001', '4', '1'),
('2001001001', '5', '1'),
('2001001001', '6', '1'),
('2001001001', '7', '1'),
('2001001001', '8', '1'),
('2001001001', '9', '1'),
('2001001001', '10', '1'),
('2001001001', '11', '1'),
('2001001001', '12', '1'),
('2001001001', '13', '1'),
('2001001001', '14', '1'),
('2001001001', '15', '1'),
('2001001001', '16', '1'),
('2001001001', '17', '1'),
('2001001001', '18', '1'),
('2001001001', '19', '1'),
('2001001001', '20', '1'),
('2001001001', '21', '1'),
('2001001001', '22', '1'),
('2001001001', '23', '1'),
('2001001001', '24', '1'),
('2001001001', '25', '1'),
('2001001001', '26', '1'),
('2001001001', '27', '1'),
('2001001001', '28', '1'),
('2001001001', '29', '1'),
('2001001002', '0', '1'),
('2001001002', '1', '1'),
('2001001002', '2', '1'),
('2001001002', '3', '1'),
('2001001002', '4', '1'),
('2001001002', '5', '1'),
('2001001002', '6', '1'),
('2001001002', '7', '1'),
('2001001002', '8', '1'),
('2001001002', '9', '1'),
('2001001002', '10', '1'),
('2001001002', '11', '1'),
('2001001002', '12', '1'),
('2001001002', '13', '1'),
('2001001002', '14', '1'),
('2001001002', '15', '1'),
('2001001002', '16', '1'),
('2001001002', '17', '1'),
('2001001002', '18', '1'),
('2001001002', '19', '1'),
('2001001002', '20', '1'),
('2001001002', '21', '1'),
('2001001002', '22', '1'),
('2001001002', '23', '1'),
('2001001002', '24', '1'),
('2001001002', '25', '1'),
('2001001002', '26', '1'),
('2001001002', '27', '1'),
('2001001002', '28', '1'),
('2001001002', '29', '1'),
('2001001003', '0', '1'),
('2001001003', '1', '1'),
('2001001003', '2', '1'),
('2001001003', '3', '1'),
('2001001003', '4', '1'),
('2001001003', '5', '1'),
('2001001003', '6', '1'),
('2001001003', '7', '1'),
('2001001003', '8', '1'),
('2001001003', '9', '1'),
('2001001003', '10', '1'),
('2001001003', '11', '1'),
('2001001003', '12', '1'),
('2001001003', '13', '1'),
('2001001003', '14', '1'),
('2001001003', '15', '1'),
('2001001003', '16', '1'),
('2001001003', '17', '1'),
('2001001003', '18', '1'),
('2001001003', '19', '1'),
('2001001003', '20', '1'),
('2001001003', '21', '1'),
('2001001003', '22', '1'),
('2001001003', '23', '1'),
('2001001003', '24', '1'),
('2001001003', '25', '1'),
('2001001003', '26', '1'),
('2001001003', '27', '1'),
('2001001003', '28', '1'),
('2001001003', '29', '1'),
('2001001004', '0', '1'),
('2001001004', '1', '1'),
('2001001004', '2', '1'),
('2001001004', '3', '1'),
('2001001004', '4', '1'),
('2001001004', '5', '1'),
('2001001004', '6', '1'),
('2001001004', '7', '1'),
('2001001004', '8', '1'),
('2001001004', '9', '1'),
('2001001004', '10', '1'),
('2001001004', '11', '1'),
('2001001004', '12', '1'),
('2001001004', '13', '1'),
('2001001004', '14', '1'),
('2001001004', '15', '1'),
('2001001004', '16', '1'),
('2001001004', '17', '1'),
('2001001004', '18', '1'),
('2001001004', '19', '1'),
('2001001004', '20', '1'),
('2001001004', '21', '1'),
('2001001004', '22', '1'),
('2001001004', '23', '1'),
('2001001004', '24', '1'),
('2001001004', '25', '1'),
('2001001004', '26', '1'),
('2001001004', '27', '1'),
('2001001004', '28', '1'),
('2001001004', '29', '1'),
('2001002001', '0', '1'),
('2001002001', '1', '1'),
('2001002001', '2', '1'),
('2001002001', '3', '1'),
('2001002001', '4', '1'),
('2001002001', '5', '1'),
('2001002001', '6', '1'),
('2001002001', '7', '1'),
('2001002001', '8', '1'),
('2001002001', '9', '1'),
('2001002001', '10', '1'),
('2001002001', '11', '1'),
('2001002001', '12', '1'),
('2001002001', '13', '1'),
('2001002001', '14', '1'),
('2001002001', '15', '1'),
('2001002001', '16', '1'),
('2001002001', '17', '1'),
('2001002001', '18', '1'),
('2001002001', '19', '1'),
('2001002001', '20', '1'),
('2001002001', '21', '1'),
('2001002001', '22', '1'),
('2001002001', '23', '1'),
('2001002001', '24', '1'),
('2001002001', '25', '1'),
('2001002001', '26', '1'),
('2001002001', '27', '1'),
('2001002001', '28', '1'),
('2001002001', '29', '1'),
('2001002002', '0', '1'),
('2001002002', '1', '1'),
('2001002002', '2', '1'),
('2001002002', '3', '1'),
('2001002002', '4', '1'),
('2001002002', '5', '1'),
('2001002002', '6', '1'),
('2001002002', '7', '1'),
('2001002002', '8', '1'),
('2001002002', '9', '1'),
('2001002002', '10', '1'),
('2001002002', '11', '1'),
('2001002002', '12', '1'),
('2001002002', '13', '1'),
('2001002002', '14', '1'),
('2001002002', '15', '1'),
('2001002002', '16', '1'),
('2001002002', '17', '1'),
('2001002002', '18', '1'),
('2001002002', '19', '1'),
('2001002002', '20', '1'),
('2001002002', '21', '1'),
('2001002002', '22', '1'),
('2001002002', '23', '1'),
('2001002002', '24', '1'),
('2001002002', '25', '1'),
('2001002002', '26', '1'),
('2001002002', '27', '1'),
('2001002002', '28', '1'),
('2001002002', '29', '1'),
('2001002003', '0', '1'),
('2001002003', '1', '1'),
('2001002003', '2', '1'),
('2001002003', '3', '1'),
('2001002003', '4', '1'),
('2001002003', '5', '1'),
('2001002003', '6', '1'),
('2001002003', '7', '1'),
('2001002003', '8', '1'),
('2001002003', '9', '1'),
('2001002003', '10', '1'),
('2001002003', '11', '1'),
('2001002003', '12', '1'),
('2001002003', '13', '1'),
('2001002003', '14', '1'),
('2001002003', '15', '1'),
('2001002003', '16', '1'),
('2001002003', '17', '1'),
('2001002003', '18', '1'),
('2001002003', '19', '1'),
('2001002003', '20', '1'),
('2001002003', '21', '1'),
('2001002003', '22', '1'),
('2001002003', '23', '1'),
('2001002003', '24', '1'),
('2001002003', '25', '1'),
('2001002003', '26', '1'),
('2001002003', '27', '1'),
('2001002003', '28', '1'),
('2001002003', '29', '1'),
('2001002004', '0', '1'),
('2001002004', '1', '1'),
('2001002004', '2', '1'),
('2001002004', '3', '1'),
('2001002004', '4', '1'),
('2001002004', '5', '1'),
('2001002004', '6', '1'),
('2001002004', '7', '1'),
('2001002004', '8', '1'),
('2001002004', '9', '1'),
('2001002004', '10', '1'),
('2001002004', '11', '1'),
('2001002004', '12', '1'),
('2001002004', '13', '1'),
('2001002004', '14', '1'),
('2001002004', '15', '1'),
('2001002004', '16', '1'),
('2001002004', '17', '1'),
('2001002004', '18', '1'),
('2001002004', '19', '1'),
('2001002004', '20', '1'),
('2001002004', '21', '1'),
('2001002004', '22', '1'),
('2001002004', '23', '1'),
('2001002004', '24', '1'),
('2001002004', '25', '1'),
('2001002004', '26', '1'),
('2001002004', '27', '1'),
('2001002004', '28', '1'),
('2001002004', '29', '1'),
('2002001001', '0', '1'),
('2002001001', '1', '1'),
('2002001001', '2', '1'),
('2002001001', '3', '1'),
('2002001001', '4', '1'),
('2002001001', '5', '1'),
('2002001001', '6', '1'),
('2002001001', '7', '1'),
('2002001001', '8', '1'),
('2002001001', '9', '1'),
('2002001001', '10', '1'),
('2002001001', '11', '1'),
('2002001001', '12', '1'),
('2002001001', '13', '1'),
('2002001001', '14', '1'),
('2002001001', '15', '1'),
('2002001001', '16', '1'),
('2002001001', '17', '1'),
('2002001001', '18', '1'),
('2002001001', '19', '1'),
('2002001001', '20', '1'),
('2002001001', '21', '1'),
('2002001001', '22', '1'),
('2002001001', '23', '1'),
('2002001001', '24', '1'),
('2002001001', '25', '1'),
('2002001001', '26', '1'),
('2002001001', '27', '1'),
('2002001001', '28', '1'),
('2002001001', '29', '1'),
('2002001002', '0', '1'),
('2002001002', '1', '1'),
('2002001002', '2', '1'),
('2002001002', '3', '1'),
('2002001002', '4', '1'),
('2002001002', '5', '1'),
('2002001002', '6', '1'),
('2002001002', '7', '1'),
('2002001002', '8', '1'),
('2002001002', '9', '1'),
('2002001002', '10', '1'),
('2002001002', '11', '1'),
('2002001002', '12', '1'),
('2002001002', '13', '1'),
('2002001002', '14', '1'),
('2002001002', '15', '1'),
('2002001002', '16', '1'),
('2002001002', '17', '1'),
('2002001002', '18', '1'),
('2002001002', '19', '1'),
('2002001002', '20', '1'),
('2002001002', '21', '1'),
('2002001002', '22', '1'),
('2002001002', '23', '1'),
('2002001002', '24', '1'),
('2002001002', '25', '1'),
('2002001002', '26', '1'),
('2002001002', '27', '1'),
('2002001002', '28', '1'),
('2002001002', '29', '1'),
('2002001003', '0', '1'),
('2002001003', '1', '1'),
('2002001003', '2', '1'),
('2002001003', '3', '1'),
('2002001003', '4', '1'),
('2002001003', '5', '1'),
('2002001003', '6', '1'),
('2002001003', '7', '1'),
('2002001003', '8', '1'),
('2002001003', '9', '1'),
('2002001003', '10', '1'),
('2002001003', '11', '1'),
('2002001003', '12', '1'),
('2002001003', '13', '1'),
('2002001003', '14', '1'),
('2002001003', '15', '1'),
('2002001003', '16', '1'),
('2002001003', '17', '1'),
('2002001003', '18', '1'),
('2002001003', '19', '1'),
('2002001003', '20', '1'),
('2002001003', '21', '1'),
('2002001003', '22', '1'),
('2002001003', '23', '1'),
('2002001003', '24', '1'),
('2002001003', '25', '1'),
('2002001003', '26', '1'),
('2002001003', '27', '1'),
('2002001003', '28', '1'),
('2002001003', '29', '1'),
('2002001004', '0', '1'),
('2002001004', '1', '1'),
('2002001004', '2', '1'),
('2002001004', '3', '1'),
('2002001004', '4', '1'),
('2002001004', '5', '1'),
('2002001004', '6', '1'),
('2002001004', '7', '1'),
('2002001004', '8', '1'),
('2002001004', '9', '1'),
('2002001004', '10', '1'),
('2002001004', '11', '1'),
('2002001004', '12', '1'),
('2002001004', '13', '1'),
('2002001004', '14', '1'),
('2002001004', '15', '1'),
('2002001004', '16', '1'),
('2002001004', '17', '1'),
('2002001004', '18', '1'),
('2002001004', '19', '1'),
('2002001004', '20', '1'),
('2002001004', '21', '1'),
('2002001004', '22', '1'),
('2002001004', '23', '1'),
('2002001004', '24', '1'),
('2002001004', '25', '1'),
('2002001004', '26', '1'),
('2002001004', '27', '1'),
('2002001004', '28', '1'),
('2002001004', '29', '1'),
('2002002001', '0', '1'),
('2002002001', '1', '1'),
('2002002001', '2', '1'),
('2002002001', '3', '1'),
('2002002001', '4', '1'),
('2002002001', '5', '1'),
('2002002001', '6', '1'),
('2002002001', '7', '1'),
('2002002001', '8', '1'),
('2002002001', '9', '1'),
('2002002001', '10', '1'),
('2002002001', '11', '1'),
('2002002001', '12', '1'),
('2002002001', '13', '1'),
('2002002001', '14', '1'),
('2002002001', '15', '1'),
('2002002001', '16', '1'),
('2002002001', '17', '1'),
('2002002001', '18', '1'),
('2002002001', '19', '1'),
('2002002001', '20', '1'),
('2002002001', '21', '1'),
('2002002001', '22', '1'),
('2002002001', '23', '1'),
('2002002001', '24', '1'),
('2002002001', '25', '1'),
('2002002001', '26', '1'),
('2002002001', '27', '1'),
('2002002001', '28', '1'),
('2002002001', '29', '1'),
('2002002002', '0', '1'),
('2002002002', '1', '1'),
('2002002002', '2', '1'),
('2002002002', '3', '1'),
('2002002002', '4', '1'),
('2002002002', '5', '1'),
('2002002002', '6', '1'),
('2002002002', '7', '1'),
('2002002002', '8', '1'),
('2002002002', '9', '1'),
('2002002002', '10', '1'),
('2002002002', '11', '1'),
('2002002002', '12', '1'),
('2002002002', '13', '1'),
('2002002002', '14', '1'),
('2002002002', '15', '1'),
('2002002002', '16', '1'),
('2002002002', '17', '1'),
('2002002002', '18', '1'),
('2002002002', '19', '1'),
('2002002002', '20', '1'),
('2002002002', '21', '1'),
('2002002002', '22', '1'),
('2002002002', '23', '1'),
('2002002002', '24', '1'),
('2002002002', '25', '1'),
('2002002002', '26', '1'),
('2002002002', '27', '1'),
('2002002002', '28', '1'),
('2002002002', '29', '1'),
('2002002003', '0', '1'),
('2002002003', '1', '1'),
('2002002003', '2', '1'),
('2002002003', '3', '1'),
('2002002003', '4', '1'),
('2002002003', '5', '1'),
('2002002003', '6', '1'),
('2002002003', '7', '1'),
('2002002003', '8', '1'),
('2002002003', '9', '1'),
('2002002003', '10', '1'),
('2002002003', '11', '1'),
('2002002003', '12', '1'),
('2002002003', '13', '1'),
('2002002003', '14', '1'),
('2002002003', '15', '1'),
('2002002003', '16', '1'),
('2002002003', '17', '1'),
('2002002003', '18', '1'),
('2002002003', '19', '1'),
('2002002003', '20', '1'),
('2002002003', '21', '1'),
('2002002003', '22', '1'),
('2002002003', '23', '1'),
('2002002003', '24', '1'),
('2002002003', '25', '1'),
('2002002003', '26', '1'),
('2002002003', '27', '1'),
('2002002003', '28', '1'),
('2002002003', '29', '1'),
('2002002004', '0', '1'),
('2002002004', '1', '1'),
('2002002004', '2', '1'),
('2002002004', '3', '1'),
('2002002004', '4', '1'),
('2002002004', '5', '1'),
('2002002004', '6', '1'),
('2002002004', '7', '1'),
('2002002004', '8', '1'),
('2002002004', '9', '1'),
('2002002004', '10', '1'),
('2002002004', '11', '1'),
('2002002004', '12', '1'),
('2002002004', '13', '1'),
('2002002004', '14', '1'),
('2002002004', '15', '1'),
('2002002004', '16', '1'),
('2002002004', '17', '1'),
('2002002004', '18', '1'),
('2002002004', '19', '1'),
('2002002004', '20', '1'),
('2002002004', '21', '1'),
('2002002004', '22', '1'),
('2002002004', '23', '1'),
('2002002004', '24', '1'),
('2002002004', '25', '1'),
('2002002004', '26', '1'),
('2002002004', '27', '1'),
('2002002004', '28', '1'),
('2002002004', '29', '1');

-- --------------------------------------------------------

--
-- Table structure for table `user_accounts`
--

CREATE TABLE `user_accounts` (
  `userid` text NOT NULL,
  `name` text NOT NULL,
  `password` text NOT NULL,
  `email` varchar(50) NOT NULL,
  `cardno` text NOT NULL,
  `address` text NOT NULL,
  `ccv` text NOT NULL,
  `registerdate` timestamp NOT NULL DEFAULT CURRENT_TIMESTAMP
) ENGINE=InnoDB DEFAULT CHARSET=latin1;

--
-- Dumping data for table `user_accounts`
--

INSERT INTO `user_accounts` (`userid`, `name`, `password`, `email`, `cardno`, `address`, `ccv`, `registerdate`) VALUES
('ar2or', 'Aaron', '123456', 'arop999@hotmail.com', 'NTUHALL10', '1234567890123456', '111', '2018-10-02 16:31:00'),
('aa2ii', 'Kai', '123456', 'kai@yen.com', 'crescent', '1234567890123456', '123', '2018-10-03 10:57:24'),
('ii2@c', 'yicongfaggy', '123456', 'yi@cong.com', 'tanjonghall', '1234567890123456', '123', '2018-10-03 13:18:36');
COMMIT;

/*!40101 SET CHARACTER_SET_CLIENT=@OLD_CHARACTER_SET_CLIENT */;
/*!40101 SET CHARACTER_SET_RESULTS=@OLD_CHARACTER_SET_RESULTS */;
/*!40101 SET COLLATION_CONNECTION=@OLD_COLLATION_CONNECTION */;
